Date,Time,Temperature,Humidity
10/24/21,16:55,21.4*C,51.6%
10/24/21,16:57,21.5*C,51.2%
10/24/21,16:59,21.5*C,50.9%
10/24/21,17:00,21.5*C,51.1%
10/24/21,17:01,21.5*C,50.6%
10/24/21,17:02,21.5*C,51.1%
10/24/21,17:04,21.5*C,50.9%
10/24/21,17:05,21.5*C,51.2%
10/24/21,17:06,21.5*C,50.9%
10/24/21,17:07,21.5*C,50.4%
10/24/21,17:09,21.5*C,50.9%
10/24/21,17:10,21.5*C,50.8%
10/24/21,17:11,8.7*C,50.9%
10/24/21,17:13,21.6*C,50.7%
10/24/21,17:14,21.5*C,50.6%
10/24/21,17:15,21.5*C,50.9%
10/24/21,17:16,21.4*C,50.9%
10/24/21,17:17,21.5*C,51.4%
10/24/21,17:18,21.4*C,50.7%
10/24/21,17:19,21.4*C,50.7%
10/24/21,17:20,21.5*C,51.0%
10/24/21,17:21,21.4*C,50.8%
10/24/21,17:22,21.4*C,50.7%
10/24/21,17:25,21.4*C,50.9%
10/24/21,17:26,21.4*C,51.5%
10/24/21,17:27,21.4*C,51.0%
10/24/21,17:28,21.4*C,50.9%
10/24/21,17:31,21.4*C,51.4%
10/24/21,17:33,21.4*C,50.9%
10/24/21,17:34,21.4*C,50.8%
10/24/21,17:35,21.4*C,50.8%
10/24/21,17:37,21.4*C,50.8%
10/24/21,17:39,21.4*C,50.8%
10/24/21,17:41,21.4*C,50.8%
10/24/21,17:42,21.4*C,50.8%
10/24/21,17:43,21.4*C,50.8%
10/24/21,17:44,21.3*C,50.9%
10/24/21,17:45,21.4*C,50.8%
10/24/21,17:46,21.4*C,50.8%
10/24/21,17:47,21.3*C,50.8%
10/24/21,17:48,21.3*C,50.7%
10/24/21,17:49,21.4*C,50.8%
10/24/21,17:51,21.4*C,50.8%
10/24/21,17:52,21.4*C,51.0%
10/24/21,17:53,21.0*C,50.9%
10/24/21,17:55,21.3*C,50.7%
10/24/21,17:56,21.4*C,50.7%
10/24/21,17:57,21.3*C,50.7%
10/24/21,17:58,21.3*C,50.7%
10/24/21,17:59,21.4*C,50.6%
10/24/21,18:00,21.4*C,50.6%
10/24/21,18:01,21.4*C,50.7%
10/24/21,18:02,21.3*C,50.6%
10/24/21,18:03,21.4*C,50.7%
10/24/21,18:04,21.3*C,50.6%
10/24/21,18:06,21.3*C,50.4%
10/24/21,18:07,21.3*C,50.5%
10/24/21,18:08,21.3*C,50.6%
10/24/21,18:10,21.3*C,50.5%
10/24/21,18:11,21.3*C,50.4%
10/24/21,18:13,21.5*C,50.5%
10/24/21,18:14,21.4*C,50.6%
10/24/21,18:15,21.4*C,50.5%
10/24/21,18:16,21.4*C,50.5%
10/24/21,18:17,21.3*C,50.1%
10/24/21,18:18,21.4*C,50.4%
10/24/21,18:19,21.3*C,50.4%
10/24/21,18:20,21.4,50.5%
10/24/21,18:21,21.3,50.5%
10/24/21,18:22,21.3,50.4%
10/24/21,18:23,21.3,50.3%
10/24/21,18:24,21.3,50.4%
10/24/21,18:25,21.3,50.4%
10/24/21,18:26,21.3,51.0%
10/24/21,18:27,21.3,50.3%
10/24/21,18:28,21.3,50.4%
10/24/21,18:29,21.3,50.5%
10/24/21,18:30,21.2,50.4%
10/24/21,18:31,21.3,50.4%
10/24/21,18:32,21.3,50.4%
10/24/21,18:36,21.4,50.3%
10/24/21,18:37,21.4,50.2%
10/24/21,18:38,21.4,50.1%
10/24/21,18:39,21.4,50.3%
10/24/21,18:40,21.3,50.3%
10/24/21,18:41,21.3,50.2%
10/24/21,18:42,21.3,50.3%
10/24/21,18:43,21.3,50.7%
10/24/21,18:45,21.4,50.6%
10/24/21,18:47,21.4,50.1%
10/24/21,18:48,21.4,50.2%
10/24/21,18:49,21.4,49.9%
10/24/21,18:50,21.4,50.2%
10/24/21,18:51,21.4,50.5%
10/24/21,18:52,21.4,50.4%
10/24/21,18:56,21.4,50.5%
10/24/21,18:57,21.4,50.2%
10/24/21,18:58,21.4,50.3%
10/24/21,18:59,21.4,50.3%
10/24/21,19:00,21.4,50.3%
10/24/21,19:03,21.4,50.7%
10/24/21,19:05,21.4,50.4%
10/24/21,19:06,21.4,50.4%
10/24/21,19:07,21.4,50.5%
10/24/21,19:08,21.4,50.5%
10/24/21,19:09,21.4,50.5%
10/24/21,19:10,21.4,50.6%
10/24/21,19:11,21.4,50.6%
10/24/21,19:12,21.4,50.5%
10/24/21,19:13,21.3,50.5%
10/24/21,19:15,21.3,50.4%
10/24/21,19:16,21.3,50.5%
10/24/21,19:17,21.3,50.6%
10/24/21,19:19,21.3,50.3%
10/24/21,19:20,21.3,50.3%
10/24/21,19:21,21.4,51.0%
10/24/21,19:22,21.3,50.3%
10/24/21,19:23,21.3,50.4%
10/24/21,19:24,21.4,50.5%
10/24/21,19:27,21.3,50.4%
10/24/21,19:28,21.3,50.3%
10/24/21,19:29,21.3,50.3%
10/24/21,19:30,21.3,50.3%
10/24/21,19:31,21.3,50.2%
10/24/21,19:32,21.3,50.2%
10/24/21,19:33,21.2,50.3%
10/24/21,19:34,21.3,50.4%
10/24/21,19:36,21.4,50.4%
10/24/21,19:37,21.4,50.4%
10/24/21,19:38,21.3,50.5%
10/24/21,19:39,21.4,50.3%
10/24/21,19:40,21.4,50.3%
10/24/21,19:41,21.3,50.3%
10/24/21,19:42,21.4,50.3%
10/24/21,19:43,21.3,50.4%
10/24/21,19:44,21.3,50.5%
10/24/21,19:45,21.4,50.5%
10/24/21,19:46,21.4,49.9%
10/24/21,19:47,21.4,49.8%
10/24/21,19:48,21.4,50.1%
10/24/21,19:49,21.4,50.1%
10/24/21,19:50,21.4,50.2%
10/24/21,19:51,21.4,50.5%
10/24/21,19:52,21.4,50.6%
10/24/21,19:53,21.5,50.9%
10/24/21,19:54,21.4,50.9%
10/24/21,19:56,21.5,51.2%
10/24/21,19:57,21.5,52.0%
10/24/21,19:58,21.5,51.6%
10/24/21,19:59,21.5,51.5%
10/24/21,20:00,21.4,51.6%
10/24/21,20:01,21.4,51.4%
10/24/21,20:02,21.4,51.1%
10/24/21,20:04,21.4,51.2%
10/24/21,20:05,21.4,51.0%
10/24/21,20:06,21.4,51.0%
10/24/21,20:07,21.4,52.9%
10/24/21,20:08,21.5,53.0%
10/24/21,20:09,21.4,51.8%
10/24/21,20:11,21.4,51.8%
10/24/21,20:12,21.5,51.3%
10/24/21,20:13,21.4,51.7%
10/24/21,20:14,21.4,51.7%
10/24/21,20:15,21.4,51.2%
10/24/21,20:16,21.4,51.2%
10/24/21,20:17,21.4,51.3%
10/24/21,20:18,21.4,52.4%
10/24/21,20:19,21.4,52.3%
10/24/21,20:20,21.5,52.0%
10/24/21,20:21,21.4,51.5%
10/24/21,20:22,21.5,1.3%
10/24/21,20:23,21.4,52.8%
10/24/21,20:25,21.4,52.5%
10/24/21,20:28,21.4,52.5%
10/24/21,20:30,21.4,51.8%
10/24/21,20:31,21.4,51.8%
10/24/21,20:34,21.5,53.6%
10/24/21,20:35,21.5,52.6%
10/24/21,20:36,21.4,52.5%
10/24/21,20:38,21.5,52.4%
10/24/21,20:39,21.5,52.0%
10/24/21,20:40,21.5,51.9%
10/24/21,20:41,21.4,52.0%
10/24/21,20:42,21.5,52.0%
10/24/21,20:43,21.5,51.7%
10/24/21,20:45,21.4,51.6%
10/24/21,20:46,21.4,51.5%
10/24/21,20:47,21.4,51.4%
10/24/21,20:48,21.3,51.5%
10/24/21,20:49,21.4,52.0%
10/24/21,20:50,21.4,51.6%
10/24/21,20:51,21.4,51.6%
10/24/21,20:52,21.4,51.9%
10/24/21,20:53,21.5,51.5%
10/24/21,20:54,21.4,51.4%
10/24/21,20:55,21.4,51.4%
10/24/21,20:56,21.4,51.3%
10/24/21,20:57,21.4,51.4%
10/24/21,20:58,21.3,51.3%
10/24/21,20:59,21.4,50.6%
10/24/21,21:00,21.4,51.3%
10/24/21,21:01,21.4,51.3%
10/24/21,21:02,21.3,51.5%
10/24/21,21:03,21.3,51.2%
10/24/21,21:04,21.4,51.3%
10/24/21,21:05,21.4,51.6%
10/24/21,21:08,21.5,51.3%
10/24/21,21:09,21.4,51.2%
10/24/21,21:10,21.5,51.2%
10/24/21,21:11,21.5,51.2%
10/24/21,21:14,21.6,51.8%
10/24/21,21:15,21.6,51.8%
10/24/21,21:16,21.6,51.5%
10/24/21,21:17,21.5,51.3%
10/24/21,21:18,21.5,51.3%
10/24/21,21:19,21.5,51.4%
10/24/21,21:20,21.5,51.7%
10/24/21,21:21,21.5,51.6%
10/24/21,21:22,21.5,51.9%
10/24/21,21:23,21.4,51.8%
10/24/21,21:24,21.5,52.0%
10/24/21,21:25,21.4,52.0%
10/24/21,21:27,21.4,52.0%
10/24/21,21:28,21.5,52.5%
10/24/21,21:29,21.5,52.2%
10/24/21,21:31,21.5,52.2%
10/24/21,21:32,21.4,52.2%
10/24/21,21:33,21.5,52.2%
10/24/21,21:35,21.4,51.9%
10/24/21,21:36,21.5,52.0%
10/24/21,21:37,21.5,52.1%
10/24/21,21:38,21.4,52.4%
10/24/21,21:39,21.5,52.0%
10/24/21,21:40,21.4,52.1%
10/24/21,21:41,21.4,52.0%
10/24/21,21:42,21.4,52.0%
10/24/21,21:43,21.4,52.0%
10/24/21,21:44,21.4,52.0%
10/24/21,21:45,21.4,52.0%
10/24/21,21:46,21.4,52.0%
10/24/21,21:47,21.4,52.0%
10/24/21,21:48,21.3,51.8%
10/24/21,21:49,21.4,51.9%
10/24/21,21:50,21.4,51.8%
10/24/21,21:54,21.4,51.6%
10/24/21,21:55,21.4,51.5%
10/24/21,21:56,21.3,51.4%
10/24/21,21:57,21.3,51.4%
10/24/21,21:58,21.3,51.4%
10/24/21,21:59,21.3,51.5%
10/24/21,22:00,21.4,51.5%
10/24/21,22:02,21.3,51.3%
10/24/21,22:03,21.3,51.3%
10/24/21,22:04,21.3,51.2%
10/24/21,22:05,21.3,51.3%
10/24/21,22:06,21.3,51.3%
10/24/21,22:07,21.4,51.3%
10/24/21,22:08,21.3,51.3%
10/24/21,22:09,21.3,51.3%
10/24/21,22:10,21.3,51.2%
10/24/21,22:12,21.3,51.2%
10/24/21,22:13,21.3,51.2%
10/24/21,22:14,21.3,51.2%
10/24/21,22:15,21.3,51.1%
10/24/21,22:16,21.3,51.1%
10/24/21,22:17,21.3,51.1%
10/24/21,22:19,21.3,51.4%
10/24/21,22:21,21.3,51.0%
10/24/21,22:22,21.3,51.4%
10/24/21,22:23,21.4,51.4%
10/24/21,22:24,21.3,51.1%
10/24/21,22:25,21.3,51.0%
10/24/21,22:26,21.3,51.1%
10/24/21,22:27,21.3,51.3%
10/24/21,22:28,21.3,51.3%
10/24/21,22:29,21.3,51.2%
10/24/21,22:30,21.3,51.2%
10/24/21,22:31,21.3,50.9%
10/24/21,22:32,21.3,50.9%
10/24/21,22:33,21.3,50.8%
10/24/21,22:34,21.3,50.8%
10/24/21,22:35,21.3,50.8%
10/24/21,22:36,21.3,50.9%
10/24/21,22:38,21.3,51.3%
10/24/21,22:39,21.3,25.1%
10/24/21,22:40,21.3,51.0%
10/24/21,22:42,21.2,50.6%
10/24/21,22:43,21.3,50.9%
10/24/21,22:44,21.3,51.0%
10/24/21,22:45,21.2,50.9%
10/24/21,22:46,21.2,51.2%
10/24/21,22:47,21.2,51.2%
10/24/21,22:48,21.3,50.7%
10/24/21,22:49,21.3,50.7%
10/24/21,22:50,21.2,50.6%
10/24/21,22:51,21.3,51.0%
10/24/21,22:52,21.2,51.2%
10/24/21,22:53,21.2,51.5%
10/24/21,22:54,21.2,51.2%
10/24/21,22:55,21.2,51.2%
10/24/21,22:56,21.2,51.2%
10/24/21,22:57,21.2,50.6%
10/24/21,22:58,21.2,50.8%
10/24/21,22:59,21.3,50.7%
10/24/21,23:00,21.2,50.7%
10/24/21,23:01,21.2,51.1%
10/24/21,23:02,21.2,51.0%
10/24/21,23:03,21.2,50.8%
10/24/21,23:04,21.2,50.7%
10/24/21,23:05,21.1,50.7%
10/24/21,23:07,21.2,50.7%
10/24/21,23:08,21.2,50.6%
10/24/21,23:09,21.2,50.8%
10/24/21,23:10,21.2,50.8%
10/24/21,23:11,21.2,50.6%
10/24/21,23:12,21.1,50.7%
10/24/21,23:13,21.2,50.7%
10/24/21,23:14,21.2,50.8%
10/24/21,23:15,21.1,50.8%
10/24/21,23:16,21.1,50.9%
10/24/21,23:17,21.1,50.7%
10/24/21,23:18,21.2,50.8%
10/24/21,23:19,21.1,50.8%
10/24/21,23:21,21.2,50.9%
10/24/21,23:23,21.1,50.8%
10/24/21,23:24,21.1,50.8%
10/24/21,23:25,21.1,50.9%
10/24/21,23:26,21.1,50.5%
10/24/21,23:27,21.1,50.7%
10/24/21,23:28,21.1,50.6%
10/24/21,23:29,21.1,50.2%
10/24/21,23:31,21.1,50.4%
10/24/21,23:32,21.1,50.4%
10/24/21,23:33,21.2,50.4%
10/24/21,23:34,21.1,50.4%
10/24/21,23:36,21.1,50.2%
10/24/21,23:37,21.1,50.3%
10/24/21,23:38,21.2,50.0%
10/24/21,23:39,21.1,50.2%
10/24/21,23:40,21.2,50.4%
10/24/21,23:42,21.2,50.2%
10/24/21,23:43,21.2,50.4%
10/24/21,23:44,21.1,50.4%
10/24/21,23:45,21.1,37.6%
10/24/21,23:46,21.1,50.2%
10/24/21,23:50,21.3,49.9%
10/24/21,23:55,21.2,50.3%
10/24/21,23:56,21.1,50.4%
10/24/21,23:57,21.1,50.5%
10/24/21,23:58,21.1,50.3%
10/25/21,00:00,21.1,50.3%
10/25/21,00:01,21.1,50.4%
10/25/21,00:02,21.1,50.4%
10/25/21,00:03,21.1,50.3%
10/25/21,00:04,21.1,50.4%
10/25/21,00:05,21.0,50.2%
10/25/21,00:07,21.1,50.3%
10/25/21,00:09,21.0,50.3%
10/25/21,00:10,21.1,50.4%
10/25/21,00:11,21.1,50.5%
10/25/21,00:15,21.0,50.5%
10/25/21,00:16,21.1,50.7%
10/25/21,00:17,21.0,50.0%
10/25/21,00:19,21.0,50.6%
10/25/21,00:22,21.0,50.6%
10/25/21,00:24,21.0,50.5%
10/25/21,00:25,21.0,50.7%
10/25/21,00:26,21.0,50.7%
10/25/21,00:27,21.0,50.7%
10/25/21,00:30,21.0,50.7%
10/25/21,00:31,21.0,50.7%
10/25/21,00:32,21.0,50.7%
10/25/21,00:33,21.0,50.7%
10/25/21,00:36,21.0,50.7%
10/25/21,00:39,21.0,51.4%
10/25/21,00:41,21.0,50.8%
10/25/21,00:42,21.0,50.8%
10/25/21,00:43,21.0,50.8%
10/25/21,00:44,20.9,50.8%
10/25/21,00:45,21.0,50.9%
10/25/21,00:46,20.9,50.7%
10/25/21,00:48,20.9,50.8%
10/25/21,00:49,20.9,50.8%
10/25/21,00:50,20.9,50.9%
10/25/21,00:51,20.9,50.9%
10/25/21,00:52,20.9,51.0%
10/25/21,00:53,20.9,51.0%
10/25/21,00:55,20.9,50.9%
10/25/21,00:56,20.9,50.8%
10/25/21,00:57,20.9,50.8%
10/25/21,00:58,20.9,50.8%
10/25/21,00:59,20.9,50.8%
10/25/21,01:00,20.9,50.9%
10/25/21,01:01,20.9,50.9%
10/25/21,01:02,20.9,50.9%
10/25/21,01:03,20.9,50.8%
10/25/21,01:05,20.9,50.8%
10/25/21,01:06,20.9,50.7%
10/25/21,01:07,20.9,50.8%
10/25/21,01:09,20.9,50.9%
10/25/21,01:10,20.9,50.9%
10/25/21,01:11,20.9,50.9%
10/25/21,01:13,20.9,50.9%
10/25/21,01:14,20.9,50.9%
10/25/21,01:15,20.9,50.9%
10/25/21,01:16,20.9,51.1%
10/25/21,01:17,20.9,51.0%
10/25/21,01:18,20.8,50.9%
10/25/21,01:19,20.9,51.0%
10/25/21,01:20,20.9,50.9%
10/25/21,01:21,20.8,50.9%
10/25/21,01:22,20.8,50.9%
10/25/21,01:23,20.8,50.9%
10/25/21,01:24,20.9,50.9%
10/25/21,01:26,20.9,50.9%
10/25/21,01:27,20.9,51.3%
10/25/21,01:28,20.8,50.9%
10/25/21,01:30,20.8,50.8%
10/25/21,01:31,20.9,50.9%
10/25/21,01:32,20.8,50.7%
10/25/21,01:33,20.8,50.6%
10/25/21,01:34,20.8,37.5%
10/25/21,01:35,20.8,50.8%
10/25/21,01:36,20.8,50.8%
10/25/21,01:38,20.8,50.8%
10/25/21,01:39,20.8,50.7%
10/25/21,01:40,20.9,50.9%
10/25/21,01:41,20.8,50.8%
10/25/21,01:42,20.8,50.8%
10/25/21,01:43,20.8,51.0%
10/25/21,01:44,20.8,50.9%
10/25/21,01:45,20.8,50.9%
10/25/21,01:46,20.9,51.0%
10/25/21,01:47,20.8,50.9%
10/25/21,01:48,20.8,50.9%
10/25/21,01:49,20.8,50.8%
10/25/21,01:50,20.8,50.8%
10/25/21,01:51,20.8,50.9%
10/25/21,01:53,20.8,50.9%
10/25/21,01:54,20.8,50.8%
10/25/21,01:55,20.8,50.8%
10/25/21,01:56,20.8,50.9%
10/25/21,01:57,20.8,50.7%
10/25/21,01:58,20.8,50.6%
10/25/21,01:59,20.8,50.6%
10/25/21,02:00,20.8,50.8%
10/25/21,02:01,20.8,50.9%
10/25/21,02:02,20.8,50.7%
10/25/21,02:03,20.8,50.9%
10/25/21,02:04,20.8,50.7%
10/25/21,02:05,20.9,50.8%
10/25/21,02:06,20.8,50.7%
10/25/21,02:08,20.8,50.7%
10/25/21,02:10,8.0,38.0%
10/25/21,02:12,20.8,50.7%
10/25/21,02:13,20.8,50.8%
10/25/21,02:14,20.8,50.9%
10/25/21,02:15,20.8,50.6%
10/25/21,02:16,20.8,50.6%
10/25/21,02:17,20.8,50.8%
10/25/21,02:18,20.8,50.9%
10/25/21,02:19,20.8,50.8%
10/25/21,02:20,20.8,51.0%
10/25/21,02:21,20.7,51.0%
10/25/21,02:22,20.8,50.9%
10/25/21,02:23,20.8,50.9%
10/25/21,02:24,20.8,50.8%
10/25/21,02:25,20.7,50.9%
10/25/21,02:26,20.8,50.9%
10/25/21,02:28,20.7,50.7%
10/25/21,02:29,20.8,50.8%
10/25/21,02:30,20.8,50.8%
10/25/21,02:31,20.8,50.7%
10/25/21,02:32,20.8,50.7%
10/25/21,02:33,20.8,50.8%
10/25/21,02:34,20.7,50.8%
10/25/21,02:35,20.8,50.8%
10/25/21,02:36,20.8,50.7%
10/25/21,02:37,20.7,50.6%
10/25/21,02:38,20.7,50.6%
10/25/21,02:39,20.7,50.7%
10/25/21,02:40,20.7,50.6%
10/25/21,02:41,20.8,50.9%
10/25/21,02:42,20.7,50.9%
10/25/21,02:43,20.7,50.9%
10/25/21,02:44,20.7,50.9%
10/25/21,02:45,20.7,50.8%
10/25/21,02:46,20.7,50.8%
10/25/21,02:47,20.7,50.8%
10/25/21,02:48,20.7,51.1%
10/25/21,02:49,20.7,50.9%
10/25/21,02:50,20.7,50.9%
10/25/21,02:51,20.7,50.9%
10/25/21,02:52,20.7,51.0%
10/25/21,02:55,20.7,50.7%
10/25/21,02:56,20.7,50.9%
10/25/21,02:58,20.7,50.7%
10/25/21,02:59,20.7,50.6%
10/25/21,03:00,20.7,50.8%
10/25/21,03:01,20.7,50.8%
10/25/21,03:03,20.7,50.6%
10/25/21,03:04,20.7,50.6%
10/25/21,03:05,20.7,50.6%
10/25/21,03:07,20.7,50.6%
10/25/21,03:08,20.8,50.6%
10/25/21,03:09,20.7,50.7%
10/25/21,03:10,20.7,50.6%
10/25/21,03:11,20.7,50.6%
10/25/21,03:12,20.7,50.7%
10/25/21,03:13,20.7,50.8%
10/25/21,03:15,20.7,50.8%
10/25/21,03:16,20.7,50.8%
10/25/21,03:17,20.7,50.8%
10/25/21,03:19,20.7,50.6%
10/25/21,03:22,20.7,50.7%
10/25/21,03:23,20.7,50.8%
10/25/21,03:24,20.7,50.7%
10/25/21,03:25,20.6,50.6%
10/25/21,03:26,20.7,50.7%
10/25/21,03:27,20.7,50.7%
10/25/21,03:28,20.7,50.6%
10/25/21,03:29,20.7,50.8%
10/25/21,03:30,20.7,50.7%
10/25/21,03:31,20.6,50.6%
10/25/21,03:32,20.7,50.6%
10/25/21,03:33,20.7,50.6%
10/25/21,03:34,20.6,50.5%
10/25/21,03:35,20.6,50.7%
10/25/21,03:38,20.7,50.5%
10/25/21,03:39,20.7,50.5%
10/25/21,03:40,20.7,50.4%
10/25/21,03:42,20.6,50.4%
10/25/21,03:43,20.7,50.6%
10/25/21,03:44,20.6,50.6%
10/25/21,03:45,20.6,50.6%
10/25/21,03:46,7.8,37.9%
10/25/21,03:47,20.6,50.8%
10/25/21,03:48,20.6,50.8%
10/25/21,03:49,20.6,50.8%
10/25/21,03:50,20.6,50.8%
10/25/21,03:51,20.6,50.9%
10/25/21,03:52,20.6,50.9%
10/25/21,03:53,20.6,50.8%
10/25/21,03:54,20.6,50.8%
10/25/21,03:55,20.6,50.8%
10/25/21,03:56,20.6,50.7%
10/25/21,03:57,20.6,50.6%
10/25/21,03:58,20.6,50.6%
10/25/21,03:59,20.6,50.6%
10/25/21,04:00,20.6,50.7%
10/25/21,04:01,20.6,50.8%
10/25/21,04:03,20.6,50.6%
10/25/21,04:04,20.6,50.5%
10/25/21,04:05,20.6,50.4%
10/25/21,04:06,20.6,50.5%
10/25/21,04:08,20.6,50.5%
10/25/21,04:09,20.6,50.7%
10/25/21,04:11,20.6,50.7%
10/25/21,04:12,20.6,50.6%
10/25/21,04:13,20.6,50.7%
10/25/21,04:14,20.6,50.6%
10/25/21,04:15,20.6,50.7%
10/25/21,04:16,20.6,50.7%
10/25/21,04:17,20.6,50.8%
10/25/21,04:18,20.6,50.8%
10/25/21,04:20,20.6,50.5%
10/25/21,04:21,20.6,50.4%
10/25/21,04:22,20.6,50.5%
10/25/21,04:23,20.5,50.7%
10/25/21,04:24,20.6,50.7%
10/25/21,04:25,20.6,50.7%
10/25/21,04:26,20.5,50.8%
10/25/21,04:27,20.5,50.8%
10/25/21,04:28,20.5,50.7%
10/25/21,04:30,20.5,50.6%
10/25/21,04:31,20.6,44.2%
10/25/21,04:32,20.6,50.6%
10/25/21,04:33,20.6,50.6%
10/25/21,04:34,20.6,50.7%
10/25/21,04:35,20.5,50.6%
10/25/21,04:36,20.5,50.5%
10/25/21,04:37,20.5,50.6%
10/25/21,04:38,20.6,50.6%
10/25/21,04:40,20.5,50.5%
10/25/21,04:41,20.5,50.5%
10/25/21,04:42,20.6,50.6%
10/25/21,04:43,20.5,50.5%
10/25/21,04:44,20.5,50.6%
10/25/21,04:45,20.5,50.5%
10/25/21,04:46,14.1,50.6%
10/25/21,04:48,20.5,50.5%
10/25/21,04:49,20.5,50.4%
10/25/21,04:52,20.6,50.5%
10/25/21,04:53,20.5,50.3%
10/25/21,04:54,20.5,50.3%
10/25/21,04:55,20.5,50.3%
10/25/21,04:56,20.5,50.5%
10/25/21,04:57,20.5,50.4%
10/25/21,04:59,20.5,50.3%
10/25/21,05:00,20.5,50.3%
10/25/21,05:01,20.5,50.4%
10/25/21,05:02,20.5,50.4%
10/25/21,05:03,20.5,50.4%
10/25/21,05:04,20.5,50.4%
10/25/21,05:05,20.5,50.4%
10/25/21,05:06,20.4,50.1%
10/25/21,05:07,20.5,50.2%
10/25/21,05:08,20.4,50.2%
10/25/21,05:09,20.5,50.2%
10/25/21,05:10,20.5,50.3%
10/25/21,05:11,20.4,50.1%
10/25/21,05:12,20.4,50.1%
10/25/21,05:13,20.5,50.2%
10/25/21,05:14,20.5,50.2%
10/25/21,05:15,20.4,50.1%
10/25/21,05:16,20.4,50.1%
10/25/21,05:17,20.4,50.2%
10/25/21,05:18,20.5,50.2%
10/25/21,05:19,20.5,50.2%
10/25/21,05:21,20.4,50.0%
10/25/21,05:23,20.5,50.0%
10/25/21,05:24,20.5,49.9%
10/25/21,05:25,20.5,50.2%
10/25/21,05:26,20.4,49.9%
10/25/21,05:27,20.4,49.9%
10/25/21,05:28,1.3,43.7%
10/25/21,05:29,20.4,50.0%
10/25/21,05:30,20.4,50.0%
10/25/21,05:31,20.4,50.0%
10/25/21,05:32,20.4,50.0%
10/25/21,05:33,20.4,50.0%
10/25/21,05:34,20.4,50.0%
10/25/21,05:35,20.4,50.0%
10/25/21,05:37,20.4,49.8%
10/25/21,05:38,20.4,50.0%
10/25/21,05:39,20.4,49.9%
10/25/21,05:40,20.4,50.0%
10/25/21,05:41,20.4,49.8%
10/25/21,05:42,20.4,49.8%
10/25/21,05:43,20.4,49.8%
10/25/21,05:44,20.4,49.9%
10/25/21,05:45,20.4,49.9%
10/25/21,05:46,20.4,49.9%
10/25/21,05:47,1.2,50.1%
10/25/21,05:48,20.4,50.2%
10/25/21,05:49,20.4,50.0%
10/25/21,05:50,20.4,49.9%
10/25/21,05:51,20.4,50.1%
10/25/21,05:52,20.4,49.9%
10/25/21,05:53,20.4,49.9%
10/25/21,05:54,20.4,49.7%
10/25/21,05:55,20.4,49.7%
10/25/21,05:56,20.4,49.9%
10/25/21,05:57,20.4,50.0%
10/25/21,05:58,20.4,50.0%
10/25/21,05:59,20.4,49.9%
10/25/21,06:00,20.4,49.9%
10/25/21,06:01,20.4,49.9%
10/25/21,06:02,20.4,49.9%
10/25/21,06:03,20.4,49.8%
10/25/21,06:04,20.4,49.8%
10/25/21,06:05,20.4,49.8%
10/25/21,06:06,20.4,49.6%
10/25/21,06:07,20.4,50.0%
10/25/21,06:09,20.4,49.9%
10/25/21,06:10,20.4,49.8%
10/25/21,06:11,20.4,49.7%
10/25/21,06:13,20.4,49.7%
10/25/21,06:14,20.4,49.9%
10/25/21,06:15,20.4,49.9%
10/25/21,06:16,20.4,49.8%
10/25/21,06:17,20.4,49.8%
10/25/21,06:18,20.4,49.8%
10/25/21,06:19,20.4,49.8%
10/25/21,06:20,20.4,49.9%
10/25/21,06:21,20.4,49.9%
10/25/21,06:22,20.4,49.9%
10/25/21,06:23,20.4,49.8%
10/25/21,06:24,20.4,49.8%
10/25/21,06:25,20.4,49.8%
10/25/21,06:26,20.4,49.8%
10/25/21,06:27,20.3,49.8%
10/25/21,06:28,20.4,49.8%
10/25/21,06:30,20.4,49.7%
10/25/21,06:31,20.3,49.7%
10/25/21,06:32,20.4,49.8%
10/25/21,06:33,20.4,49.8%
10/25/21,06:36,20.4,49.7%
10/25/21,06:37,20.3,49.8%
10/25/21,06:38,20.4,49.8%
10/25/21,06:40,20.3,49.6%
10/25/21,06:41,20.4,49.6%
10/25/21,06:42,20.3,49.5%
10/25/21,06:43,20.4,49.7%
10/25/21,06:44,20.3,49.7%
10/25/21,06:45,20.3,50.4%
10/25/21,06:46,20.3,49.6%
10/25/21,06:47,20.3,49.5%
10/25/21,06:48,20.3,49.5%
10/25/21,06:49,20.3,49.7%
10/25/21,06:50,20.3,49.6%
10/25/21,06:51,20.3,49.6%
10/25/21,06:52,20.3,49.6%
10/25/21,06:53,20.3,49.7%
10/25/21,06:54,20.3,49.6%
10/25/21,06:55,20.3,49.6%
10/25/21,06:56,20.3,49.6%
10/25/21,06:57,20.3,49.6%
10/25/21,06:58,20.3,49.6%
10/25/21,07:00,20.4,49.6%
10/25/21,07:01,20.3,49.6%
10/25/21,07:02,20.4,49.6%
10/25/21,07:03,20.3,49.6%
10/25/21,07:05,20.3,49.4%
10/25/21,07:06,20.3,49.5%
10/25/21,07:07,20.3,49.5%
10/25/21,07:08,20.3,49.5%
10/25/21,07:09,20.3,49.5%
10/25/21,07:10,20.3,49.4%
10/25/21,07:11,20.3,49.4%
10/25/21,07:12,20.3,49.5%
10/25/21,07:13,20.3,49.3%
10/25/21,07:14,20.3,49.4%
10/25/21,07:15,20.3,49.7%
10/25/21,07:16,20.4,49.7%
10/25/21,07:17,20.3,49.6%
10/25/21,07:18,20.3,49.5%
10/25/21,07:19,20.3,49.6%
10/25/21,07:21,20.3,49.6%
10/25/21,07:22,20.3,49.6%
10/25/21,07:23,20.3,49.4%
10/25/21,07:24,20.3,49.4%
10/25/21,07:25,20.3,49.5%
10/25/21,07:26,20.3,49.5%
10/25/21,07:27,20.3,49.5%
10/25/21,07:28,20.3,49.5%
10/25/21,07:29,20.3,49.4%
10/25/21,07:30,20.3,49.5%
10/25/21,07:32,20.3,49.4%
10/25/21,07:33,20.3,49.4%
10/25/21,07:36,20.3,49.3%
10/25/21,07:37,20.3,49.4%
10/25/21,07:38,20.3,49.4%
10/25/21,07:39,20.2,49.2%
10/25/21,07:40,20.3,49.2%
10/25/21,07:41,20.3,49.1%
10/25/21,07:42,20.3,49.2%
10/25/21,07:43,20.3,49.8%
10/25/21,07:44,20.2,50.4%
10/25/21,07:45,20.3,49.5%
10/25/21,07:46,20.3,49.5%
10/25/21,07:47,19.5,49.8%
10/25/21,07:48,20.3,49.6%
10/25/21,07:52,20.3,48.8%
10/25/21,07:53,20.3,48.8%
10/25/21,07:54,20.3,48.9%
10/25/21,07:55,20.3,49.1%
10/25/21,07:56,20.2,49.0%
10/25/21,07:57,20.3,48.8%
10/25/21,07:58,20.3,49.0%
10/25/21,07:59,20.3,49.3%
10/25/21,08:00,20.3,49.2%
10/25/21,08:01,20.3,49.2%
10/25/21,08:03,20.3,48.9%
10/25/21,08:04,20.3,48.9%
10/25/21,08:05,20.3,49.0%
10/25/21,08:06,20.4,49.0%
10/25/21,08:07,20.3,49.1%
10/25/21,08:08,20.4,49.2%
10/25/21,08:09,20.4,49.2%
10/25/21,08:11,20.4,49.2%
10/25/21,08:12,20.4,49.3%
10/25/21,08:13,20.4,49.3%
10/25/21,08:14,20.4,49.4%
10/25/21,08:15,20.4,49.3%
10/25/21,08:16,20.4,49.5%
10/25/21,08:17,20.4,49.3%
10/25/21,08:18,20.4,49.4%
10/25/21,08:20,20.5,49.5%
10/25/21,08:21,20.5,49.8%
10/25/21,08:23,20.5,49.3%
10/25/21,08:24,20.5,49.8%
10/25/21,08:25,20.5,50.0%
10/25/21,08:26,20.5,50.2%
10/25/21,08:28,20.5,51.1%
10/25/21,08:29,20.6,50.8%
10/25/21,08:30,20.6,50.8%
10/25/21,08:31,20.6,50.9%
10/25/21,08:32,20.6,50.9%
10/25/21,08:33,20.6,51.2%
10/25/21,08:34,20.7,51.2%
10/25/21,08:35,20.6,51.3%
10/25/21,08:36,20.6,51.8%
10/25/21,08:38,20.6,51.4%
10/25/21,08:39,20.6,51.4%
10/25/21,08:40,20.6,51.6%
10/25/21,08:41,20.6,51.7%
10/25/21,08:42,20.6,51.6%
10/25/21,08:43,20.6,51.6%
10/25/21,08:45,20.6,51.3%
10/25/21,08:46,20.6,51.3%
10/25/21,08:47,20.6,51.3%
10/25/21,08:48,20.6,51.2%
10/25/21,08:49,20.6,51.0%
10/25/21,08:51,20.6,51.1%
10/25/21,08:52,20.6,51.1%
10/25/21,08:53,20.5,50.4%
10/25/21,08:54,20.5,50.8%
10/25/21,08:55,20.5,50.7%
10/25/21,08:56,20.5,50.8%
10/25/21,08:57,20.5,50.6%
10/25/21,08:59,20.6,50.8%
10/25/21,09:01,20.6,51.3%
10/25/21,09:02,20.6,51.2%
10/25/21,09:03,20.6,51.2%
10/25/21,09:04,20.7,51.7%
10/25/21,09:06,20.7,52.7%
10/25/21,09:07,20.7,51.6%
10/25/21,09:08,20.7,51.6%
10/25/21,09:09,20.7,51.4%
10/25/21,09:10,20.7,51.4%
10/25/21,09:11,20.7,51.8%
10/25/21,09:12,20.7,51.3%
10/25/21,09:13,20.7,51.5%
10/25/21,09:14,20.7,51.4%
10/25/21,09:16,20.8,51.6%
10/25/21,09:17,20.7,51.4%
10/25/21,09:18,20.7,51.5%
10/25/21,09:19,20.7,51.4%
10/25/21,09:20,20.7,51.6%
10/25/21,09:21,20.8,51.3%
10/25/21,09:23,20.7,51.3%
10/25/21,09:24,20.7,51.3%
10/25/21,09:25,20.7,50.9%
10/25/21,09:26,20.7,50.9%
10/25/21,09:27,20.7,51.8%
10/25/21,09:28,20.7,51.8%
10/25/21,09:29,20.7,51.8%
10/25/21,09:30,20.7,51.7%
10/25/21,09:31,20.7,51.5%
10/25/21,09:32,20.8,51.5%
10/25/21,09:33,20.7,51.6%
10/25/21,09:34,20.7,51.7%
10/25/21,09:36,20.7,51.9%
10/25/21,09:37,20.7,52.5%
10/25/21,09:38,20.7,52.0%
10/25/21,09:39,20.7,51.9%
10/25/21,09:40,20.7,51.8%
10/25/21,09:41,20.7,51.6%
10/25/21,09:42,20.7,51.7%
10/25/21,09:43,20.7,51.6%
10/25/21,09:45,20.6,51.3%
10/25/21,09:46,20.7,51.4%
10/25/21,09:47,20.7,51.4%
10/25/21,09:48,20.7,51.3%
10/25/21,09:49,20.7,51.4%
10/25/21,09:50,20.7,51.5%
10/25/21,09:52,20.6,51.2%
                           10/25/21,09:18,20.6,51.4%
10/25/21,09:19,20.6,51.3%
10/25/21,09:20,20.7,51.4%
10/25/21,09:21,20.6,51.7%
10/25/21,09:22,20.6,51.6%
10/25/21,09:24,20.7,51.7%
10/25/21,10:02,20.7,51.8%
10/25/21,10:03,20.7,51.9%
10/25/21,10:04,20.7,51.5%
10/25/21,10:05,20.7,51.3%
10/25/21,10:08,20.6,51.3%
10/25/21,10:09,20.6,52.2%
10/25/21,10:10,20.6,52.3%
10/25/21,10:12,20.7,52.1%
10/25/21,10:13,20.7,52.3%
10/25/21,10:14,20.6,52.0%
10/25/21,10:15,20.6,51.9%
10/25/21,10:16,20.6,52.1%
10/25/21,10:17,20.6,52.1%
10/25/21,10:18,20.6,52.2%
10/25/21,10:19,20.6,52.3%
10/25/21,10:21,20.6,52.3%
10/25/21,10:23,20.6,52.2%
10/25/21,10:24,20.6,52.1%
10/25/21,10:25,20.5,52.1%
10/25/21,10:26,20.6,52.1%
10/25/21,10:27,20.6,51.9%
10/25/21,10:29,20.6,51.7%
10/25/21,10:30,20.6,51.7%
10/25/21,10:31,20.6,51.7%
10/25/21,10:32,20.6,51.7%
10/25/21,10:34,20.6,51.7%
10/25/21,10:36,20.6,51.6%
10/25/21,10:37,20.6,51.7%
10/25/21,10:38,20.6,51.7%
10/25/21,10:39,20.6,51.5%
10/25/21,10:40,20.6,51.5%
10/25/21,10:41,20.6,51.5%
10/25/21,10:42,20.6,51.4%
10/25/21,10:43,20.6,51.4%
10/25/21,10:44,20.6,51.6%
10/25/21,10:45,20.6,51.8%
10/25/21,10:46,20.6,51.9%
10/25/21,10:47,20.6,51.7%
10/25/21,10:48,20.6,51.5%
10/25/21,10:49,20.6,51.6%
10/25/21,10:50,20.6,51.6%
10/25/21,10:51,20.6,51.6%
10/25/21,10:52,20.6,51.6%
10/25/21,10:53,20.6,51.7%
10/25/21,10:55,20.6,51.6%
10/25/21,10:57,20.7,51.6%
10/25/21,10:58,20.6,51.8%
10/25/21,10:59,20.6,52.0%
10/25/21,11:02,20.6,51.8%
10/25/21,11:03,20.7,51.7%
10/25/21,11:04,20.6,51.7%
10/25/21,11:06,20.6,51.8%
10/25/21,11:07,20.6,51.7%
10/25/21,11:08,20.6,51.7%
10/25/21,11:09,20.6,51.8%
10/25/21,11:10,20.6,51.8%
10/25/21,11:11,20.6,51.8%
10/25/21,11:12,20.6,51.8%
10/25/21,11:13,20.6,51.8%
10/25/21,11:14,20.6,51.7%
10/25/21,11:15,20.6,51.7%
10/25/21,11:16,20.6,51.6%
10/25/21,11:17,20.7,51.7%
10/25/21,11:18,20.6,51.7%
10/25/21,11:19,20.6,51.3%
10/25/21,11:20,20.6,51.8%
10/25/21,11:21,20.6,51.7%
10/25/21,11:22,20.6,51.7%
10/25/21,11:23,20.6,51.8%
10/25/21,11:25,20.6,51.4%
10/25/21,11:26,20.6,51.4%
10/25/21,11:27,20.6,51.6%
10/25/21,11:28,20.6,51.6%
10/25/21,11:29,20.5,51.5%
10/25/21,11:30,20.6,51.6%
10/25/21,11:31,20.6,51.6%
10/25/21,11:32,20.5,51.6%
10/25/21,11:33,20.5,51.6%
10/25/21,11:35,20.5,51.3%
10/25/21,11:36,20.5,51.3%
10/25/21,11:37,20.5,51.3%
10/25/21,11:38,20.5,0.3%
10/25/21,11:39,20.5,51.5%
10/25/21,11:42,20.6,51.4%
10/25/21,11:43,20.6,51.4%
10/25/21,11:45,7.8,51.3%
10/25/21,11:46,20.5,51.2%
10/25/21,11:47,20.6,51.2%
10/25/21,11:48,20.6,50.9%
10/25/21,11:49,20.5,51.1%
10/25/21,11:50,20.5,51.0%
10/25/21,11:51,20.5,51.0%
10/25/21,11:52,20.5,51.2%
10/25/21,11:53,20.5,51.2%
10/25/21,11:54,20.5,51.2%
10/25/21,11:55,20.5,51.3%
10/25/21,11:56,20.5,51.4%
10/25/21,11:57,20.5,51.4%
10/25/21,11:58,20.5,51.4%
10/25/21,11:59,20.5,51.4%
10/25/21,12:00,20.5,51.4%
10/25/21,12:01,20.5,51.5%
10/25/21,12:02,20.5,51.4%
10/25/21,12:03,20.5,51.4%
10/25/21,12:04,20.5,51.3%
10/25/21,12:05,20.5,51.3%
10/25/21,12:06,20.6,51.2%
10/25/21,12:07,20.5,51.2%
10/25/21,12:08,20.5,51.3%
10/25/21,12:09,20.5,51.4%
10/25/21,12:10,20.5,51.4%
10/25/21,12:11,20.5,51.4%
10/25/21,12:13,20.5,51.3%
10/25/21,12:15,20.5,51.2%
10/25/21,12:17,20.5,51.5%
10/25/21,12:18,20.5,51.3%
10/25/21,12:19,20.6,51.3%
10/25/21,12:20,20.6,51.4%
10/25/21,12:21,20.6,51.4%
10/25/21,12:22,20.6,51.4%
10/25/21,12:23,20.6,51.4%
10/25/21,12:24,20.6,51.5%
10/25/21,12:25,20.5,51.4%
10/25/21,12:26,20.5,51.4%
10/25/21,12:28,20.6,51.4%
10/25/21,12:29,20.6,51.5%
10/25/21,12:30,20.5,51.4%
10/25/21,12:31,20.6,51.4%
10/25/21,12:32,20.6,51.5%
10/25/21,12:33,20.5,51.5%
10/25/21,12:34,20.6,51.5%
10/25/21,12:35,20.6,51.5%
10/25/21,12:37,20.5,51.4%
10/25/21,12:38,20.6,51.5%
10/25/21,12:39,20.6,51.5%
10/25/21,12:40,20.6,51.5%
10/25/21,12:42,20.6,51.4%
10/25/21,12:44,20.6,51.4%
10/25/21,12:46,20.6,51.4%
10/25/21,12:48,20.6,52.2%
10/25/21,12:49,20.6,52.1%
10/25/21,12:50,20.6,52.0%
10/25/21,12:51,20.6,51.9%
10/25/21,12:52,20.6,51.8%
10/25/21,12:53,20.6,51.9%
10/25/21,12:54,20.7,51.8%
10/25/21,12:55,20.6,51.9%
10/25/21,12:56,20.6,51.8%
10/25/21,12:57,20.6,51.7%
10/25/21,12:58,20.6,51.8%
10/25/21,12:59,20.7,51.8%
10/25/21,13:00,20.7,51.8%
10/25/21,13:01,20.6,51.8%
10/25/21,13:02,20.6,52.0%
10/25/21,13:03,20.7,51.1%
10/25/21,13:04,20.6,51.2%
10/25/21,13:05,20.6,51.5%
10/25/21,13:06,20.6,51.7%
10/25/21,13:07,20.6,52.0%
10/25/21,13:09,20.6,51.7%
10/25/21,13:10,20.6,51.8%
10/25/21,13:11,20.6,51.8%
10/25/21,13:12,20.6,51.7%
10/25/21,13:13,20.7,51.6%
10/25/21,13:15,20.6,51.2%
10/25/21,13:16,20.7,51.3%
10/25/21,13:17,20.6,51.4%
10/25/21,13:20,20.6,51.2%
10/25/21,13:21,20.6,51.2%
10/25/21,13:22,20.6,51.2%
10/25/21,13:23,20.6,51.2%
10/25/21,13:24,20.6,51.1%
10/25/21,13:25,20.6,51.1%
10/25/21,13:26,20.6,50.9%
10/25/21,13:27,20.6,50.9%
10/25/21,13:29,20.6,51.4%
10/25/21,13:30,20.6,51.2%
10/25/21,13:31,20.7,51.3%
10/25/21,13:32,20.7,51.3%
10/25/21,13:33,20.7,51.2%
10/25/21,13:34,20.7,51.2%
10/25/21,13:35,20.6,51.2%
10/25/21,13:36,20.7,51.3%
10/25/21,13:37,20.7,51.2%
10/25/21,13:38,20.6,51.2%
10/25/21,13:39,20.7,51.4%
10/25/21,13:40,20.7,51.0%
10/25/21,13:41,20.7,51.1%
10/25/21,13:42,20.6,50.6%
10/25/21,13:43,20.6,51.0%
10/25/21,13:44,20.7,51.1%
10/25/21,13:45,20.7,51.0%
10/25/21,13:46,20.7,51.3%
10/25/21,13:47,20.7,51.3%
10/25/21,13:48,20.7,51.0%
10/25/21,13:50,20.7,51.0%
10/25/21,13:51,20.7,51.0%
10/25/21,13:52,20.7,50.8%
10/25/21,13:53,20.7,50.8%
10/25/21,13:54,20.7,50.7%
10/25/21,13:55,20.7,50.7%
10/25/21,13:56,20.7,50.7%
10/25/21,13:57,20.7,50.6%
10/25/21,13:59,20.7,50.5%
10/25/21,14:00,20.7,50.6%
10/25/21,14:02,20.7,50.6%
10/25/21,14:03,20.8,50.7%
10/25/21,14:04,20.7,51.0%
10/25/21,14:05,20.7,50.9%
10/25/21,14:07,20.8,51.0%
10/25/21,14:08,20.9,50.9%
10/25/21,14:09,20.9,50.9%
10/25/21,14:10,20.9,50.9%
10/25/21,14:11,20.9,50.9%
10/25/21,14:12,20.9,51.3%
10/25/21,14:13,20.9,51.0%
10/25/21,14:14,20.9,51.0%
10/25/21,14:15,20.9,51.0%
10/25/21,14:16,20.9,50.7%
10/25/21,14:17,20.9,50.7%
10/25/21,14:18,20.9,50.7%
10/25/21,14:20,20.9,50.6%
10/25/21,14:21,20.9,50.7%
10/25/21,14:22,20.9,50.6%
10/25/21,14:23,20.9,50.6%
10/25/21,14:24,20.9,50.6%
10/25/21,14:25,20.9,50.4%
10/25/21,14:27,20.9,50.3%
10/25/21,14:28,20.9,50.3%
10/25/21,14:29,20.9,50.3%
10/25/21,14:30,20.9,50.3%
10/25/21,14:31,20.9,50.1%
10/25/21,14:33,20.9,50.3%
10/25/21,14:34,21.0,50.2%
10/25/21,14:35,20.9,50.2%
10/25/21,14:36,21.0,47.0%
10/25/21,14:37,21.0,44.8%
10/25/21,14:40,21.0,44.7%
10/25/21,14:50,21.3,48.4%
10/25/21,15:00,21.4,46.0%
10/25/21,15:20,21.5,45.4%
10/25/21,15:30,21.5,45.1%
10/25/21,15:40,22.0,43.5%
10/25/21,15:50,21.8,43.7%
10/25/21,16:00,21.7,43.9%
10/25/21,16:10,21.7,42.7%
10/25/21,16:20,21.4,41.4%
10/25/21,16:30,21.4,39.9%
10/25/21,16:50,21.3,39.3%
10/25/21,17:00,21.3,39.6%
10/25/21,17:10,21.4,44.0%
10/25/21,17:30,21.4,45.1%
10/25/21,17:40,21.4,46.1%
10/25/21,17:50,21.4,46.2%
10/25/21,18:00,21.3,47.4%
10/25/21,18:10,21.2,46.8%
10/25/21,18:20,21.2,47.3%
10/25/21,18:30,21.1,47.2%
10/25/21,18:40,21.2,47.5%
10/25/21,18:50,21.0,48.0%
10/25/21,19:00,21.0,47.7%
10/25/21,19:10,21.0,47.8%
10/25/21,19:20,20.9,47.6%
10/25/21,19:30,20.9,47.6%
10/25/21,19:40,20.9,47.6%
10/25/21,19:50,20.9,47.8%
10/25/21,20:00,20.9,48.0%
10/25/21,20:10,20.9,47.9%
10/25/21,20:20,20.8,47.9%
10/25/21,20:30,20.8,47.9%
10/25/21,20:40,20.9,47.9%
10/25/21,21:00,20.9,48.2%
10/25/21,21:10,20.9,48.3%
10/25/21,21:20,21.0,48.5%
10/25/21,21:30,20.9,48.6%
10/25/21,21:40,20.9,48.6%
10/25/21,21:50,20.9,49.0%
10/25/21,22:00,20.9,49.3%
10/25/21,22:10,20.9,49.5%
10/25/21,22:20,20.9,49.8%
10/25/21,22:30,20.9,49.8%
10/25/21,22:40,20.8,50.2%
10/25/21,22:50,20.8,50.9%
10/25/21,23:00,20.8,51.0%
10/25/21,23:10,20.8,51.0%
10/25/21,23:20,20.8,50.8%
10/25/21,23:50,20.7,50.6%
10/26/21,00:30,20.6,50.4%
10/26/21,00:40,20.6,50.4%
10/26/21,00:50,20.6,50.4%
10/26/21,01:00,20.6,50.4%
10/26/21,01:10,20.6,50.3%
10/26/21,01:20,20.5,50.2%
10/26/21,01:40,20.5,50.2%
10/26/21,01:50,20.5,50.1%
10/26/21,02:00,20.4,50.0%
10/26/21,02:10,20.4,50.1%
10/26/21,02:30,20.4,50.0%
10/26/21,02:50,20.3,49.8%
10/26/21,03:00,20.3,49.7%
10/26/21,03:10,20.3,49.5%
10/26/21,03:30,20.3,49.4%
10/26/21,03:40,20.3,49.4%
10/26/21,03:50,20.2,49.3%
10/26/21,04:00,20.3,49.3%
10/26/21,04:10,20.2,49.2%
10/26/21,04:20,20.2,49.5%
10/26/21,04:40,20.2,49.1%
10/26/21,04:50,20.2,48.9%
10/26/21,05:00,20.2,49.0%
10/26/21,05:10,20.2,49.0%
10/26/21,05:30,20.2,49.1%
10/26/21,05:40,20.2,49.0%
10/26/21,05:50,20.2,49.2%
10/26/21,06:00,20.2,49.2%
10/26/21,06:10,20.2,49.0%
10/26/21,06:20,20.3,49.4%
10/26/21,06:30,20.3,49.7%
10/26/21,06:40,20.3,49.8%
10/26/21,06:50,20.6,48.4%
10/26/21,07:00,20.8,50.4%
10/26/21,07:10,20.8,52.2%
10/26/21,07:20,20.7,52.1%
10/26/21,07:30,20.7,52.3%
10/26/21,07:50,20.5,50.8%
10/26/21,08:00,20.5,50.5%
10/26/21,08:10,20.5,50.4%
10/26/21,08:20,20.4,49.9%
10/26/21,08:50,20.4,50.3%
10/26/21,09:00,20.4,50.1%
10/26/21,09:10,20.4,50.2%
10/26/21,09:30,20.4,50.1%
10/26/21,09:40,20.3,50.0%
10/26/21,09:50,20.3,49.9%
10/26/21,10:00,20.3,49.8%
10/26/21,10:10,20.3,49.6%
10/26/21,10:30,20.3,49.5%
10/26/21,10:40,20.3,49.4%
10/26/21,10:50,20.3,49.4%
10/26/21,11:00,20.3,49.1%
10/26/21,11:10,20.2,49.0%
10/26/21,11:20,20.3,49.1%
10/26/21,11:30,20.3,49.1%
10/26/21,11:40,20.3,48.8%
10/26/21,12:00,20.2,48.8%
10/26/21,12:10,20.3,48.8%
10/26/21,12:20,20.3,48.8%
10/26/21,12:30,20.3,48.8%
10/26/21,12:40,20.3,48.7%
10/26/21,12:50,20.4,48.7%
10/26/21,13:10,20.5,48.9%
10/26/21,13:20,20.4,49.1%
10/26/21,13:30,20.5,49.2%
10/26/21,13:40,20.6,49.2%
10/26/21,13:50,20.5,49.1%
10/26/21,14:00,20.7,48.6%
10/26/21,14:30,20.8,48.5%
10/26/21,14:50,20.9,48.3%
10/26/21,15:20,21.2,46.7%
10/26/21,15:40,21.8,42.5%
10/26/21,15:50,23.1,40.4%
10/26/21,16:10,21.8,48.5%
10/26/21,16:30,21.6,47.5%
10/26/21,16:40,21.6,47.5%
10/26/21,16:50,21.5,48.0%
10/26/21,17:10,21.3,47.7%
10/26/21,17:20,21.2,48.0%
10/26/21,17:30,21.1,48.2%
10/26/21,17:40,21.2,48.2%
10/26/21,17:50,21.1,48.7%
10/26/21,18:00,20.9,49.4%
10/26/21,18:10,20.9,49.2%
10/26/21,18:30,21.2,49.0%
10/26/21,18:40,21.4,49.0%
10/26/21,18:50,21.6,48.8%
10/26/21,19:10,21.5,49.9%
10/26/21,19:20,21.5,49.9%
10/26/21,19:30,8.6,48.4%
10/26/21,19:40,21.3,48.3%
10/26/21,20:00,21.1,48.8%
10/26/21,20:20,21.1,48.8%
10/26/21,20:30,21.0,49.2%
10/26/21,20:40,21.0,49.2%
10/26/21,20:50,21.0,49.0%
10/26/21,21:00,21.0,49.0%
10/26/21,21:10,21.0,49.0%
10/26/21,21:20,21.0,49.1%
10/26/21,21:30,21.0,49.2%
10/26/21,21:40,21.0,49.1%
10/26/21,22:00,20.9,48.9%
10/26/21,22:10,21.0,48.7%
10/26/21,22:20,20.9,49.0%
10/26/21,22:30,20.9,49.0%
10/26/21,22:40,20.9,49.0%
10/26/21,22:50,21.0,48.9%
10/26/21,23:00,20.9,48.8%
10/26/21,23:10,20.9,48.7%
10/26/21,23:20,20.9,48.4%
10/26/21,23:30,20.9,48.2%
10/26/21,23:40,20.9,48.0%
10/27/21,00:00,20.9,48.0%
10/27/21,00:10,20.7,48.0%
10/27/21,00:20,20.7,47.9%
10/27/21,00:40,20.6,48.0%
10/27/21,00:50,20.6,47.6%
10/27/21,01:10,20.5,47.7%
10/27/21,01:20,20.5,47.5%
10/27/21,01:30,20.4,47.4%
10/27/21,01:40,20.4,47.5%
10/27/21,01:50,20.4,47.4%
10/27/21,02:00,20.4,47.1%
10/27/21,02:10,20.3,47.1%
10/27/21,02:30,20.3,47.1%
10/27/21,02:40,20.3,47.4%
10/27/21,02:50,20.3,47.6%
10/27/21,03:00,20.3,47.5%
10/27/21,03:10,20.2,47.5%
10/27/21,03:20,20.2,47.5%
10/27/21,03:40,20.2,47.1%
10/27/21,03:50,20.2,47.2%
10/27/21,04:00,20.2,47.4%
10/27/21,04:10,20.2,47.0%
10/27/21,04:20,20.2,47.1%
10/27/21,04:30,20.2,47.4%
10/27/21,04:50,20.1,47.2%
10/27/21,05:00,20.1,47.4%
10/27/21,05:10,20.1,47.3%
10/27/21,05:20,20.1,47.3%
10/27/21,05:30,20.1,47.4%
10/27/21,05:40,20.1,47.4%
10/27/21,05:50,20.0,47.0%
10/27/21,06:00,20.0,47.4%
10/27/21,06:10,20.0,47.0%
10/27/21,06:50,20.0,47.0%
10/27/21,07:00,20.0,47.0%
10/27/21,07:10,20.0,47.0%
10/27/21,07:20,19.9,47.0%
10/27/21,07:30,19.9,47.4%
10/27/21,07:40,19.9,47.4%
10/27/21,07:50,20.0,48.2%
10/27/21,08:00,20.0,48.1%
10/27/21,08:20,20.3,49.3%
10/27/21,08:30,20.3,51.2%
10/27/21,08:40,20.3,50.4%
10/27/21,09:10,20.6,52.5%
10/27/21,09:20,20.5,52.6%
10/27/21,09:30,20.5,51.7%
10/27/21,09:40,20.5,51.5%
10/27/21,09:50,20.5,51.0%
10/27/21,10:00,20.5,51.6%
10/27/21,10:10,20.5,51.6%
10/27/21,10:20,20.4,51.8%
10/27/21,10:30,20.4,51.6%
10/27/21,10:40,20.4,50.8%
10/27/21,10:50,20.4,50.8%
10/27/21,11:00,20.3,50.7%
10/27/21,11:10,20.5,51.5%
10/27/21,11:20,20.4,51.4%
10/27/21,11:30,20.3,51.4%
10/27/21,11:40,20.4,51.4%
10/27/21,11:50,20.5,51.2%
10/27/21,12:20,20.5,50.9%
10/27/21,12:30,20.4,51.7%
10/27/21,12:50,20.5,51.6%
10/27/21,13:00,20.5,51.7%
10/27/21,13:10,20.8,51.9%
10/27/21,13:20,20.4,54.1%
10/27/21,13:40,20.4,55.4%
10/27/21,13:50,20.3,55.2%
10/27/21,14:10,20.3,55.7%
10/27/21,14:20,20.4,55.5%
10/27/21,14:40,20.5,56.2%
10/27/21,14:50,20.6,56.9%
10/27/21,15:00,20.7,58.6%
10/27/21,15:10,20.6,57.0%
10/27/21,15:20,20.6,56.9%
10/27/21,15:40,20.6,56.9%
10/27/21,15:50,20.6,56.9%
10/27/21,16:00,20.6,56.5%
10/27/21,16:10,20.7,56.3%
10/27/21,16:20,20.6,56.2%
10/27/21,16:30,20.6,56.3%
10/27/21,16:40,20.6,56.3%
10/27/21,16:50,20.6,56.4%
10/27/21,17:00,20.6,56.2%
10/27/21,17:10,20.6,55.4%
10/27/21,17:40,20.6,56.8%
10/27/21,17:50,20.6,56.4%
10/27/21,18:00,20.5,56.2%
10/27/21,18:10,20.5,56.2%
10/27/21,18:20,20.7,55.5%
10/27/21,18:30,20.7,55.6%
10/27/21,18:40,20.7,55.6%
10/27/21,18:50,20.7,55.9%
10/27/21,19:00,20.7,56.2%
10/27/21,19:20,20.7,55.4%
10/27/21,19:30,20.8,55.2%
10/27/21,19:40,20.7,54.9%
10/27/21,19:50,20.8,54.8%
10/27/21,20:00,20.9,54.9%
10/27/21,20:10,20.9,56.5%
10/27/21,20:20,20.9,57.2%
10/27/21,20:30,20.8,57.6%
10/27/21,20:40,20.8,57.6%
10/27/21,20:50,20.8,57.9%
10/27/21,21:00,20.8,57.4%
10/27/21,21:10,20.8,57.3%
10/27/21,21:20,20.8,57.5%
10/27/21,21:30,20.7,57.3%
10/27/21,21:40,20.7,57.2%
10/27/21,21:50,20.8,57.5%
10/27/21,22:00,20.8,58.8%
10/27/21,22:10,20.8,58.7%
10/27/21,22:20,20.8,58.6%
10/27/21,22:40,20.8,58.6%
10/27/21,22:50,20.8,58.5%
10/27/21,23:10,20.8,58.4%
10/27/21,23:20,20.8,58.4%
10/27/21,23:30,20.8,58.7%
10/27/21,23:40,20.8,58.1%
10/28/21,00:00,20.8,58.2%
10/28/21,00:10,20.7,57.2%
10/28/21,00:20,20.7,57.3%
10/28/21,00:30,20.7,57.7%
10/28/21,00:40,20.6,58.7%
10/28/21,00:50,20.6,58.7%
10/28/21,01:00,20.5,58.6%
10/28/21,01:10,20.5,58.1%
10/28/21,01:20,20.5,58.1%
10/28/21,01:30,20.4,58.1%
10/28/21,01:40,20.4,58.2%
10/28/21,01:50,20.4,57.9%
10/28/21,02:00,20.3,57.4%
10/28/21,02:10,20.3,57.3%
10/28/21,02:20,20.3,57.2%
10/28/21,02:30,20.3,57.0%
10/28/21,03:00,20.2,56.4%
10/28/21,03:10,20.3,55.9%
10/28/21,03:20,20.2,56.2%
10/28/21,03:30,20.2,56.0%
10/28/21,03:40,20.2,55.6%
10/28/21,03:50,20.2,55.6%
10/28/21,04:00,20.1,55.4%
10/28/21,04:10,20.1,55.4%
10/28/21,04:20,20.1,54.9%
10/28/21,04:30,20.1,54.9%
10/28/21,04:40,20.1,54.9%
10/28/21,04:50,20.1,54.6%
10/28/21,05:00,20.1,54.7%
10/28/21,05:10,19.3,54.1%
10/28/21,05:20,20.0,54.3%
10/28/21,05:30,20.1,54.1%
10/28/21,05:40,20.0,54.2%
10/28/21,05:50,20.1,54.1%
10/28/21,06:00,20.0,2.0%
10/28/21,06:10,20.0,53.6%
10/28/21,06:20,20.0,53.6%
10/28/21,06:30,20.0,53.5%
10/28/21,07:00,20.0,53.1%
10/28/21,07:10,20.0,53.1%
10/28/21,07:30,20.0,52.8%
10/28/21,07:40,20.0,52.9%
10/28/21,07:50,20.0,52.9%
10/28/21,08:10,20.0,52.6%
10/28/21,08:20,20.0,52.7%
10/28/21,08:40,20.1,53.5%
10/28/21,08:50,20.4,52.9%
10/28/21,09:00,20.7,52.1%
10/28/21,09:10,20.9,51.8%
10/28/21,09:20,20.9,51.8%
10/28/21,09:30,21.0,51.5%
10/28/21,09:40,21.2,51.3%
10/28/21,09:50,21.1,51.3%
10/28/21,10:10,21.1,51.6%
10/28/21,10:20,21.3,51.1%
10/28/21,10:30,21.2,51.0%
10/28/21,10:40,21.3,52.9%
10/28/21,10:50,21.2,53.3%
10/28/21,11:00,21.1,54.4%
10/28/21,11:10,21.2,54.4%
10/28/21,11:50,20.8,54.4%
10/28/21,12:00,20.9,54.6%
10/28/21,15:07,21.8,54.1%
10/28/21,15:10,22.0,54.4%
10/28/21,15:20,22.0,54.5%
10/28/21,15:30,22.0,54.4%
10/28/21,15:40,22.0,54.4%
10/28/21,15:50,22.0,54.2%
10/28/21,16:00,22.0,54.2%
10/28/21,16:10,22.1,54.2%
10/28/21,16:20,22.1,54.2%
10/28/21,16:30,22.1,54.1%
10/28/21,16:40,22.2,54.0%
10/28/21,16:50,22.2,53.9%
10/28/21,17:00,22.2,53.9%
10/28/21,17:10,22.2,53.8%
10/28/21,17:20,22.3,53.7%
10/28/21,17:30,22.3,53.7%
10/28/21,17:40,22.3,53.3%
10/28/21,17:50,22.3,53.4%
10/28/21,18:00,22.3,53.4%
10/28/21,18:10,22.3,53.3%
10/28/21,18:20,22.4,53.5%
10/28/21,18:30,22.3,53.4%
10/28/21,18:40,22.4,53.4%
10/28/21,18:50,22.3,53.3%
10/28/21,19:00,22.3,53.4%
10/28/21,19:10,22.3,53.3%
10/28/21,19:20,22.4,53.3%
10/28/21,19:30,22.4,53.4%
10/28/21,19:40,22.4,53.2%
10/28/21,19:50,22.4,53.1%
10/28/21,20:00,22.5,53.1%
10/28/21,20:10,22.5,53.1%
10/28/21,20:20,22.5,53.1%
10/28/21,20:30,22.5,53.0%
10/28/21,20:40,22.5,53.0%
10/28/21,20:50,22.6,53.0%
10/28/21,21:00,22.6,53.0%
10/28/21,21:10,22.7,52.8%
10/28/21,21:20,22.7,52.8%
10/28/21,21:30,22.7,52.8%
10/28/21,21:40,22.7,52.9%
10/28/21,21:50,22.7,52.8%
10/28/21,22:00,22.7,52.7%
10/28/21,22:10,22.7,52.7%
10/28/21,22:20,22.7,52.9%
10/28/21,22:30,22.8,52.8%
10/28/21,22:40,22.8,52.7%
10/28/21,22:50,22.8,52.7%
10/28/21,23:00,22.8,52.8%
10/28/21,23:10,22.8,52.7%
10/28/21,23:20,22.8,52.8%
10/28/21,23:30,22.8,52.8%
10/28/21,23:40,22.8,52.7%
10/28/21,23:50,22.9,52.8%
10/29/21,00:00,22.8,52.7%
10/29/21,00:10,22.8,52.7%
10/29/21,00:20,22.8,52.7%
10/29/21,00:30,22.8,52.7%
10/29/21,00:40,22.8,53.2%
10/29/21,00:50,22.8,53.2%
10/29/21,01:00,22.8,53.3%
10/29/21,01:10,22.7,53.6%
10/29/21,01:20,22.7,53.5%
10/29/21,01:30,22.7,53.5%
10/29/21,01:40,22.7,53.5%
10/29/21,01:50,22.7,53.5%
10/29/21,02:00,22.7,53.5%
10/29/21,02:10,22.6,53.4%
10/29/21,02:20,22.7,53.4%
10/29/21,02:30,22.7,53.5%
10/29/21,02:40,22.6,53.2%
10/29/21,02:50,22.7,53.3%
10/29/21,03:00,22.7,53.3%
10/29/21,03:10,22.7,53.2%
10/29/21,03:20,22.7,53.2%
10/29/21,03:30,22.7,53.2%
10/29/21,03:40,22.7,53.2%
10/29/21,03:50,22.7,53.1%
10/29/21,04:00,22.7,53.2%
10/29/21,04:10,22.7,53.2%
10/29/21,04:20,22.7,53.1%
10/29/21,04:30,22.7,53.1%
10/29/21,04:40,22.7,53.1%
10/29/21,04:50,22.7,53.0%
10/29/21,05:00,22.7,53.0%
10/29/21,05:10,22.7,52.9%
10/29/21,05:20,22.8,53.1%
10/29/21,05:30,22.7,53.1%
10/29/21,05:40,22.7,53.0%
10/29/21,05:50,22.8,53.1%
10/29/21,06:00,22.7,53.0%
10/29/21,06:10,22.7,53.0%
10/29/21,06:20,22.7,53.0%
10/29/21,06:30,22.7,52.8%
10/29/21,06:40,22.8,52.9%
10/29/21,06:50,22.8,53.0%
10/29/21,07:00,22.8,53.1%
10/29/21,07:10,22.7,53.0%
10/29/21,07:20,22.8,52.9%
10/29/21,07:30,22.8,52.8%
10/29/21,07:40,22.8,52.6%
10/29/21,07:50,22.8,52.6%
10/29/21,08:00,22.8,52.6%
10/29/21,08:10,22.8,52.6%
10/29/21,08:20,22.8,52.3%
10/29/21,08:30,22.8,52.3%
10/29/21,08:40,22.8,52.4%
10/29/21,08:50,22.8,52.3%
10/29/21,09:00,22.9,52.3%
10/29/21,09:10,23.0,53.0%
10/29/21,09:20,23.1,55.0%
10/29/21,09:30,23.1,55.1%
10/29/21,09:40,23.1,55.7%
10/29/21,09:50,23.2,55.1%
10/29/21,10:00,23.2,54.7%
10/29/21,10:10,23.3,55.8%
10/29/21,10:20,23.3,55.9%
10/29/21,10:30,23.4,56.1%
10/29/21,10:40,23.4,55.2%
10/29/21,10:50,23.4,55.2%
10/29/21,11:00,23.4,55.2%
10/29/21,11:10,23.4,55.3%
10/29/21,11:20,23.4,55.4%
10/29/21,11:30,23.5,55.4%
10/29/21,11:40,23.4,55.3%
10/29/21,11:50,23.4,55.3%
10/29/21,12:00,23.5,55.1%
10/29/21,12:10,23.4,55.1%
10/29/21,12:20,23.4,55.1%
10/29/21,12:30,23.5,54.9%
10/29/21,12:40,23.5,54.9%
10/29/21,12:50,23.6,54.8%
10/29/21,13:00,23.5,54.8%
10/29/21,13:10,23.5,54.6%
10/29/21,13:20,23.4,54.9%
10/29/21,13:30,23.4,54.8%
10/29/21,13:40,23.4,54.9%
10/29/21,13:50,23.4,54.7%
10/29/21,14:00,23.3,54.6%
10/29/21,14:10,22.5,54.6%
10/29/21,14:20,23.4,54.5%
10/29/21,14:30,23.3,54.4%
10/29/21,14:40,22.5,54.4%
10/29/21,14:50,23.3,54.4%
10/29/21,15:00,23.3,54.4%
10/29/21,15:10,23.3,54.1%
10/29/21,15:20,23.2,54.0%
10/29/21,15:30,23.1,52.5%
10/29/21,15:40,23.1,52.3%
10/29/21,15:50,23.2,53.4%
10/29/21,16:00,23.4,53.4%
10/29/21,16:10,23.4,52.8%
10/29/21,16:20,23.2,51.8%
10/29/21,16:30,23.2,50.9%
10/29/21,16:40,23.2,50.9%
10/29/21,16:50,23.3,50.7%
10/29/21,17:00,23.2,50.5%
10/29/21,17:10,23.3,49.8%
10/29/21,17:20,23.3,50.0%
10/29/21,17:30,23.2,49.8%
10/29/21,17:40,23.2,49.8%
10/29/21,17:50,23.2,49.5%
10/29/21,18:00,23.2,49.5%
10/29/21,18:10,23.4,50.4%
10/29/21,18:20,23.4,50.3%
10/29/21,18:30,23.5,50.6%
10/29/21,18:40,23.5,50.6%
10/29/21,18:50,23.5,51.0%
10/29/21,19:00,23.5,51.2%
10/29/21,19:10,23.5,51.1%
10/29/21,19:20,23.5,51.2%
10/29/21,19:30,23.6,51.4%
10/29/21,19:40,23.6,51.5%
10/29/21,19:50,23.5,51.5%
10/29/21,20:00,23.6,51.6%
10/29/21,20:10,23.6,51.6%
10/29/21,20:20,23.7,51.6%
10/29/21,20:30,23.7,51.8%
10/29/21,20:40,23.7,52.1%
10/29/21,20:50,23.7,52.0%
10/29/21,21:00,23.7,52.0%
10/29/21,21:10,23.7,52.0%
10/29/21,21:20,23.7,52.2%
10/29/21,21:30,23.7,52.2%
10/29/21,21:40,23.7,52.4%
10/29/21,21:50,23.7,52.1%
10/29/21,22:00,23.7,52.0%
10/29/21,22:10,23.7,52.1%
10/29/21,22:20,23.7,52.0%
10/29/21,22:30,23.7,52.0%
10/29/21,22:40,23.8,51.8%
10/29/21,22:50,23.7,51.7%
10/29/21,23:00,23.7,51.4%
10/29/21,23:10,23.7,51.4%
10/29/21,23:20,23.8,51.3%
10/29/21,23:30,23.8,51.3%
